<?xml version="1.0" encoding="UTF-8"?>
<!-- created by OpenOmgevingswet -->
<AanleveringInformatieObject xmlns="https://standaarden.overheid.nl/lvbb/stop/aanlevering/"
                             xmlns:geo="https://standaarden.overheid.nl/stop/imop/geo/"
                             xmlns:xsi="http://www.w3.org/2001/XMLSchema-instance"
                             schemaversie="1.2.0"
                             xsi:schemaLocation="https://standaarden.overheid.nl/lvbb/stop/aanlevering https://standaarden.overheid.nl/lvbb/1.2.0/lvbb-stop-aanlevering.xsd">
   <InformatieObjectVersie>
      <ExpressionIdentificatie xmlns="https://standaarden.overheid.nl/stop/imop/data/">
         <FRBRWork>/join/id/regdata/mnre1045/2022/hoogspanningsverbinding_001</FRBRWork>
         <FRBRExpression>/join/id/regdata/mnre1045/2022/hoogspanningsverbinding_001/nld@2022-12-15;1</FRBRExpression>
         <soortWork>/join/id/stop/work_010</soortWork>
      </ExpressionIdentificatie>
      <InformatieObjectVersieMetadata xmlns="https://standaarden.overheid.nl/stop/imop/data/">
         <heeftBestanden>
            <heeftBestand>
               <Bestand>
                  <bestandsnaam>001-hoogspanningsverbinding.gml</bestandsnaam>
                  <hash>f50ceae175eb01c406bdf67ec8d81e6501952c702ddf5154d4bc6fa62a5b25f30fc61e1576e479260da71fa521533adbc2295605aa2397d09cb3c253f1cbc93a</hash>
               </Bestand>
            </heeftBestand>
         </heeftBestanden>
         <heeftGeboorteregeling>/akn/nl/act/mnre1045/2020/OOWPNOZIJReg1vB</heeftGeboorteregeling>
      </InformatieObjectVersieMetadata>
      <InformatieObjectMetadata xmlns="https://standaarden.overheid.nl/stop/imop/data/">
         <eindverantwoordelijke>/tooi/id/ministerie/mnre1045</eindverantwoordelijke>
         <maker>/tooi/id/ministerie/mnre1045</maker>
         <officieleTitel>/join/id/regdata/mnre1045/2022/hoogspanningsverbinding_001</officieleTitel>
         <naamInformatieObject>Hoogspanningsverbinding</naamInformatieObject>
         <publicatieinstructie>TeConsolideren</publicatieinstructie>
         <formaatInformatieobject>/join/id/stop/informatieobject/gio_002</formaatInformatieobject>
      </InformatieObjectMetadata>
   </InformatieObjectVersie>
</AanleveringInformatieObject>
